"canal";"produto";"nota";"data";"autor";"texto";"variacao";"tem_foto_ou_video";"link";"midia_links";"midia_arquivos"
"TikTok";"Protetor";"";"06/10/2026";"Rodrigo";"Protetor Solar com Clareador FPS70 #protetorsolar #hidrabene #protetorsolarfps70 #protetorsolarfacialclareador";"Protetor Solar Facial Clareador Hidrabene Fps70 50g Incolor";"vídeo";"https://www.tiktok.com/@fuller.ro/video/7693709444386950421";"https://www.tiktok.com/@fuller.ro/video/7693709444386950421";"tiktok/protetor/7693709444386950421.mp4"
"TikTok";"Protetor";"";"09/10/2026";"Marcela T.";"O protetor solar da HIDRABENE tem meu coração 💝 #skincare #protetorsolar";"Hidrabene Protetor solar facial fps 70 Uniformizador";"vídeo";"https://www.tiktok.com/@marcela.trovatto/video/7694561975279357202";"https://www.tiktok.com/@marcela.trovatto/video/7694561975279357202";"tiktok/protetor/7694561975279357202.mp4"
"TikTok";"Protetor";"";"03/10/2026";"Gi M.";"Resenha do Protetor Solar Clareador da Hidrabene, minhas primeiras impressões 💕✨️ Meu antigo protetor, o PS-01 da Principia acabou e resolvi aproveitar uma promo na Shopee, em que paguei 36 reais na loja oficial da Hidrabene! Por enquanto, adorei o primeiro uso, vou continuar usando e trago minha experiência 🥰 #protetorsolar #hidrabene #resenha #clareador #skincare";"criador não permite download";"vídeo";"https://www.tiktok.com/@gi_mangi/video/7692567700597525812";"https://www.tiktok.com/@gi_mangi/video/7692567700597525812";""
"TikTok";"Protetor";"";"09/10/2026";"Cliente";"Protetor solar hidrabene";"Hidrabene Protetor solar facial fps 70 Uniformizador | criador não permite download";"vídeo";"https://www.tiktok.com/@compensamesmo/video/7694666598006918421";"https://www.tiktok.com/@compensamesmo/video/7694666598006918421";""
"TikTok";"Protetor";"";"02/07/2026";"Naa";"Dia após dia a niacinamida vem me ajudando a clarear o meu melasma. #TikTokShopBR77 #fypシ #clareador #melasma #hidrabene";"Hidrabene Protetor solar facial fps 70 Uniformizador | anúncio pago";"vídeo";"https://www.tiktok.com/@naa.cristal/video/7657944363414146322";"https://www.tiktok.com/@naa.cristal/video/7657944363414146322";"tiktok/protetor/7657944363414146322.mp4"
"TikTok";"Protetor";"";"11/07/2026";"Bia";"#protetor #hidrabene #skincare";"Hidrabene Protetor solar facial fps 70 Uniformizador | anúncio pago";"vídeo";"https://www.tiktok.com/@nubia.marttins/video/7661334122618539285";"https://www.tiktok.com/@nubia.marttins/video/7661334122618539285";"tiktok/protetor/7661334122618539285.mp4"
"TikTok";"Protetor";"";"30/09/2026";"Vanessa";"Hidrabene Protetor solar facial fps 70 Uniformizador #tiktokshopbr1010 #viraltiktokshop #protetorsolar";"Hidrabene Protetor solar facial fps 70 Uniformizador | anúncio pago";"vídeo";"https://www.tiktok.com/@dicasdavany/video/7691413026511047957";"https://www.tiktok.com/@dicasdavany/video/7691413026511047957";"tiktok/protetor/7691413026511047957.mp4"
"TikTok";"Protetor";"";"01/10/2026";"Elaine S.";"#hidrabene";"Hidrabene Protetor solar facial fps 70 Uniformizador | anúncio pago";"vídeo";"https://www.tiktok.com/@elainesoaresrecomenda/video/7691487969340935432";"https://www.tiktok.com/@elainesoaresrecomenda/video/7691487969340935432";"tiktok/protetor/7691487969340935432.mp4"
"TikTok";"Kit Clareador";"";"26/06/2026";"Daíza P.";"| uma rotina simples e prática pra ficar com a pele luminosa e sem manchinhas e ainda por cima com um ótimo custo benefício!🌟 kit clareador da @Hidrabene 🏷️DAIZA10 publicidade #foryoupage #skincare #girls";"publicidade";"vídeo";"https://www.tiktok.com/@daizapreto/video/7655805571664334101";"https://www.tiktok.com/@daizapreto/video/7655805571664334101";"tiktok/kit-clareador/7655805571664334101.mp4"
"TikTok";"Kit Clareador";"";"28/07/2026";"Ita C.";"✨Dia 02✨ 30 dias tentando clarear as manchas do meu rosto com o kit clareador da hidrabene #skincare #rotina";"Kit Clareador Facial - Protetor Solar Facial FPS70 Clareador 50g + Sérum Multicorretivo Clareador 30ml + Sabonete Líquido Facial 120ml";"vídeo";"https://www.tiktok.com/@itacordeiroo/video/7667752744131906837";"https://www.tiktok.com/@itacordeiroo/video/7667752744131906837";"tiktok/kit-clareador/7667752744131906837.mp4"
"TikTok";"Kit Clareador";"";"09/10/2026";"Anna";"#hidrabene #tiktokshopbr1010";"Kit Clareador Facial - Protetor Solar Facial FPS70 Clareador 50g + Sérum Multicorretivo Clareador 30ml + Sabonete Líquido Facial 120ml";"vídeo";"https://www.tiktok.com/@ana.paula.cunha283/video/7694497633406045461";"https://www.tiktok.com/@ana.paula.cunha283/video/7694497633406045461";"tiktok/kit-clareador/7694497633406045461.mp4"
"TikTok";"Kit Clareador";"";"18/07/2026";"Fabi B.";"Kit para melasma e mancha nas pele da @Hidrabene #melasma #manchasnapele #manchasnorosto #manchasdesol #melasmaskincare";"Kit Clareador Facial - Protetor Solar Facial FPS70 Clareador 50g + Sérum Multicorretivo Clareador 30ml + Sabonete Líquido Facial 120ml | anúncio pago";"vídeo";"https://www.tiktok.com/@fabibessa_/video/7663939178987638037";"https://www.tiktok.com/@fabibessa_/video/7663939178987638037";"tiktok/kit-clareador/7663939178987638037.mp4"
"TikTok";"Kit Clareador";"";"28/08/2026";"Vanessa";"Kit Clareador Facial Hidrabene #tiktokshopbr99 #viraltiktokshop";"Kit Clareador Facial - Protetor Solar Facial FPS70 Clareador 50g + Sérum Multicorretivo Clareador 30ml + Sabonete Líquido Facial 120ml | anúncio pago";"vídeo";"https://www.tiktok.com/@dicasdavany/video/7679109952002100500";"https://www.tiktok.com/@dicasdavany/video/7679109952002100500";"tiktok/kit-clareador/7679109952002100500.mp4"
"TikTok";"Kit Clareador";"";"03/09/2026";"Ju A.";"Hidrabene Protetor Solar Facial Clareador FPS 70 Antissinais Toque Seco 50g Unidade ou Kit Clareia Pele Antiacne UVA ##protetorsolar##protetorclareador##protetorfacial##fyp ##creatorsearchinsights";"Hidrabene Protetor solar facial fps 70 Uniformizador | anúncio pago";"vídeo";"https://www.tiktok.com/@ju.alvarenga1/video/7681454984952630536";"https://www.tiktok.com/@ju.alvarenga1/video/7681454984952630536";"tiktok/kit-clareador/7681454984952630536.mp4"
"TikTok";"Kit Clareador";"";"08/10/2026";"Julia";"Kit Clareador Hidrabene #tiktokshopbr1010 #skincare #hidrabene";"Kit Clareador Facial - Protetor Solar Facial FPS70 Clareador 50g + Sérum Multicorretivo Clareador 30ml + Sabonete Líquido Facial 120ml | anúncio pago";"vídeo";"https://www.tiktok.com/@juliabraga034/video/7694305604453567752";"https://www.tiktok.com/@juliabraga034/video/7694305604453567752";"tiktok/kit-clareador/7694305604453567752.mp4"
"TikTok";"Kit Clareador";"";"08/10/2026";"Cliente";"#protetorsolar #hidrabene #kitclareador";"Kit Clareador Facial - Protetor Solar Facial FPS70 Clareador 50g + Sérum Multicorretivo Clareador 30ml + Sabonete Líquido Facial 120ml | anúncio pago";"vídeo";"https://www.tiktok.com/@vozdafe23/video/7694395870678125844";"https://www.tiktok.com/@vozdafe23/video/7694395870678125844";"tiktok/kit-clareador/7694395870678125844.mp4"
"TikTok";"Kit Clareador";"";"08/10/2026";"Luana M.";"E quando menos esperar….clareou! Kit Multiclareador Facial @Hidrabene ultados sim!! #hidrabene #skincare #clareadordemanchas #tiktokshopbrasil #conteudoviral";"Kit Clareador Facial - Protetor Solar Facial FPS70 Clareador 50g + Sérum Multicorretivo Clareador 30ml + Sabonete Líquido Facial 120ml | anúncio pago";"vídeo";"https://www.tiktok.com/@lumascoli/video/7694323283272944917";"https://www.tiktok.com/@lumascoli/video/7694323283272944917";"tiktok/kit-clareador/7694323283272944917.mp4"
"TikTok";"Base Stick";"";"18/01/2025";"Dre G.";"como eu não conhecia antes?? @hidrabene lança mais cores pra nós 🙏🏻 #basestick #protetorcombase #basehidrabene";"";"vídeo";"https://www.tiktok.com/@dregalindo/video/7461392104426802437";"https://www.tiktok.com/@dregalindo/video/7461392104426802437";"tiktok/base-stick/7461392104426802437.mp4"
"TikTok";"Base Stick";"";"10/03/2025";"Letícia A.";"melhores bases em stick com FPS, amo!! Uso todos os dias #baseemstick #testandoprodutos #maquiagemdiaadia #basehidrabene #protetorsolarollie";"";"vídeo";"https://www.tiktok.com/@leticiaandrads/video/7480186496331402502";"https://www.tiktok.com/@leticiaandrads/video/7480186496331402502";"tiktok/base-stick/7480186496331402502.mp4"
"TikTok";"Base Stick";"";"29/01/2026";"Daniela S.";"Quando a base entrega cobertura, conforto e proteção, mesmo no calor. ✨A Base Stick da Hidrabene virou minha escolha pro verão: prática, matte e com FPS 50. Pele bonita o dia todo, sem pesar 🤍 @Hidrabene Derma #BaseStickHidrabene #MakeDeVerao #FPS50 |publicidade";"publicidade";"vídeo";"https://www.tiktok.com/@daanielasantos_/video/7600854949194452225";"https://www.tiktok.com/@daanielasantos_/video/7600854949194452225";"tiktok/base-stick/7600854949194452225.mp4"
"TikTok";"Base Stick";"";"07/08/2026";"Julia B.";"Sinônimo de leveza e proteção! Review desse produto que comprei e amei 🥰 #hidrabene #hidrabenefacial #stickhidrabene";"Base Stick Hidrabene FPS 50 Clara 2.0 | Pele Linda e Protegida o Dia Todo";"vídeo";"https://www.tiktok.com/@juliabsb1806/video/7671485661790162196";"https://www.tiktok.com/@juliabsb1806/video/7671485661790162196";"tiktok/base-stick/7671485661790162196.mp4"
"TikTok";"Base Stick";"";"30/07/2026";"Rafaela N.";"Esse resultado me surpreendeu 🙀 Testei a base Stick da @hidrabene e é claro que iria vim contar minha experiência. Agora essa base faz parte do meu dia a dia! Uma pele natural, protegida e uniforme . Se você gosta de produtos multinacionais esse vale muito a pena conhecer ❤️‍🔥✨ #ugccreator #makeup #ugcbeauty #basestick #publi @Hidrabene";"Base Stick FPS 50 Hidrabene Derma Base 3.0 Cor Média | Praticidade no Dia a Dia | publicidade";"vídeo";"https://www.tiktok.com/@rafaaraujons/video/7668463391807114516";"https://www.tiktok.com/@rafaaraujons/video/7668463391807114516";"tiktok/base-stick/7668463391807114516.mp4"
"TikTok";"Base Stick";"";"29/04/2026";"Cliente";"Base stick de alta cobertura 50FPS e controle de oleosidade - Hidrabene Derma #hidrabene #basestick #maquiagem #dicasdemaquiagem #dicasdebeleza";"Base Stick FPS 50 Hidrabene Derma Base 3.0 Cor Média | Praticidade no Dia a Dia";"vídeo";"https://www.tiktok.com/@sa.indicaa/video/7634366977452100882";"https://www.tiktok.com/@sa.indicaa/video/7634366977452100882";"tiktok/base-stick/7634366977452100882.mp4"
"TikTok";"Base Stick";"";"17/12/2024";"Lillia C.";"Base Hidrabene stick #vitiligo #coberturavitiligo #makeup #camuflagem #camuflagemvitiligo";"criador não permite download";"vídeo";"https://www.tiktok.com/@lilliacastelane/video/7449384303252802822";"https://www.tiktok.com/@lilliacastelane/video/7449384303252802822";""
"TikTok";"Base Stick";"";"19/02/2026";"Lillia C.";"Minha base favorita agora de cara nova, na sacolinha laranja 🧡 @Hidrabene Derma #publicidade #vitiligogirl #vitiligo #vitiligobeauty #vitiligobrasil";"NOVA BASE STICK FPS 50 - Base em Bastão | Protetor Solar com Cor + Cobertura Alta + Toque Seco + Efeito Matte | publicidade | criador não permite download";"vídeo";"https://www.tiktok.com/@lilliacastelane/video/7608737407382424853";"https://www.tiktok.com/@lilliacastelane/video/7608737407382424853";""
"TikTok";"Base Stick";"";"03/03/2026";"Érica";"Que base é essa 😱 FPS:50✅ Cobertura alta ✅ Toque sequinho✅ Cor:3.0 #base #sticker #hidrabene #TikTokShopBR33 #maquiagem";"NOVA BASE STICK FPS 50 - Base em Bastão | Protetor Solar com Cor + Cobertura Alta + Toque Seco + Efeito Matte | anúncio pago";"vídeo";"https://www.tiktok.com/@ericamcabeluda/video/7613166579995512085";"https://www.tiktok.com/@ericamcabeluda/video/7613166579995512085";"tiktok/base-stick/7613166579995512085.mp4"
"TikTok";"Harmonizador";"";"27/09/2026";"Lari";"Nem eu tô crendo!!! 🤏🏼#harmonizadorfacial #hidrabene";"";"vídeo";"https://www.tiktok.com/@larissabrit/video/7690408874607725832";"https://www.tiktok.com/@larissabrit/video/7690408874607725832";"tiktok/harmonizador/7690408874607725832.mp4"
"TikTok";"Harmonizador";"";"13/08/2026";"Anghel L.";"Sérum Harmonizador Facial @Hidrabene ✨ #harmonizacaofacial #kbeauty #hidrabene #skincarecoreano #tiktokshopbr99";"HIDRABENE SÉRUM HARMONIZADOR FACIAL | anúncio pago";"vídeo";"https://www.tiktok.com/@anghellacerda/video/7673605222790450453";"https://www.tiktok.com/@anghellacerda/video/7673605222790450453";"tiktok/harmonizador/7673605222790450453.mp4"
"TikTok";"Harmonizador";"";"22/08/2026";"Cliente";"Kit Hidrabene, Serum harmonizador facial + GHK CU + PDRN #viraltiktokshop #tiktokshopbr99 #skincare #pdrn #ghkcu";"KIT HARMONIZADOR FACIAL + GHK-CU + PDRN | anúncio pago";"vídeo";"https://www.tiktok.com/@flahdicasincriveis/video/7676964511118626066";"https://www.tiktok.com/@flahdicasincriveis/video/7676964511118626066";"tiktok/harmonizador/7676964511118626066.mp4"
"TikTok";"Harmonizador";"";"25/08/2026";"Gabi L.";"Melhora o contorno e deixa o rosto mais definido e uniforme, peça já seu Harmonizador facial na promoção de lançamento! @Hidrabene #harmonizadorfacial #produtoscoreanos #hidrabene";"HIDRABENE SÉRUM HARMONIZADOR FACIAL | anúncio pago";"vídeo";"https://www.tiktok.com/@gabiluizaaaa/video/7678019977974123797";"https://www.tiktok.com/@gabiluizaaaa/video/7678019977974123797";"tiktok/harmonizador/7678019977974123797.mp4"
"TikTok";"Harmonizador";"";"13/08/2026";"Anghel L.";"HARMONIZAÇÃO FACIAL SEM AGULHADA 🤌🏼🥹 @Hidrabene O Sérum Harmonizador Facial V-Shape auxilia na definição do contorno facial e realça a curvatura da mandíbula, contribuindo para uma aparência mais firme e rejuvenescida. Sua fórmula também ajuda a reduzir os sinais aparentes da flacidez e promove hidratação e maciez. #harmonizacaofacial #kbeauty #skincarecoreano #hidrabene #tiktokshopbr99";"HIDRABENE SÉRUM HARMONIZADOR FACIAL | anúncio pago";"vídeo";"https://www.tiktok.com/@anghellacerda/video/7673583298744044820";"https://www.tiktok.com/@anghellacerda/video/7673583298744044820";"tiktok/harmonizador/7673583298744044820.mp4"
"TikTok";"Harmonizador";"";"17/08/2026";"Andressa B.";"Eu simplesmente estou apaixonada pelo kit Harmonização facial da hidrabene 😍 #harmonizacaofacial #pdrn #ghkcu #hidrabene";"KIT HARMONIZADOR FACIAL + GHK-CU + PDRN | anúncio pago";"vídeo";"https://www.tiktok.com/@andressabenve/video/7675160280816487701";"https://www.tiktok.com/@andressabenve/video/7675160280816487701";"tiktok/harmonizador/7675160280816487701.mp4"
"TikTok";"Harmonizador";"";"18/08/2026";"Thamires";"✨Só a @Hidrabene para lançar um produto incrível de alta tecnologia e acessível a todas nós! Esse harmonizador facial é a revolução dos cosméticos!✨ #harmonizacaofacial #papada #pelemadura #flacidez #cremefacial";"HIDRABENE SÉRUM HARMONIZADOR FACIAL | anúncio pago";"vídeo";"https://www.tiktok.com/@thamiresdurazzo/video/7675338656588057877";"https://www.tiktok.com/@thamiresdurazzo/video/7675338656588057877";"tiktok/harmonizador/7675338656588057877.mp4"
"TikTok";"Harmonizador";"";"21/08/2026";"Sol A.";"Evolução dos resultados da harmonização facial da @Hidrabene #skincare #foryou #harmonizacao";"HIDRABENE SÉRUM HARMONIZADOR FACIAL | anúncio pago";"vídeo";"https://www.tiktok.com/@garimposdasol/video/7676595265821953298";"https://www.tiktok.com/@garimposdasol/video/7676595265821953298";"tiktok/harmonizador/7676595265821953298.mp4"
"TikTok";"Harmonizador";"";"31/08/2026";"Iris";"olha os produtinhos novos que chegaram por aqui 🥹💗 a Hidrabene lançou novidades inspiradas na K-Beauty e me enviou o Sérum Harmonizador, PDRN e GHK-Cu pra testar ✨ A proposta é deixar a pele com aquele glow bonito, viço e aparência saudável das coreanas e eu já tô doida pra ver o resultado 😭💗 vou testar na rotina e depois conto tudo pra vocês! #skincare #kbeauty #glowskincare #routine #girlythings";"HIDRABENE SÉRUM GHK-CU | anúncio pago | criador não permite download";"vídeo";"https://www.tiktok.com/@irisinspira/video/7680331715423866119";"https://www.tiktok.com/@irisinspira/video/7680331715423866119";""
"TikTok";"Harmonizador";"";"05/09/2026";"Cliente";"@Hidrabene esse produto voltou minha autoestima #viraltiktokshop #tiktokshopbr99 #hidrabene #harmonizadorfacial #papada";"HIDRABENE SÉRUM HARMONIZADOR FACIAL | anúncio pago | criador não permite download";"vídeo";"https://www.tiktok.com/@eulevieira_/video/7681908791704603922";"https://www.tiktok.com/@eulevieira_/video/7681908791704603922";""
"TikTok";"PDRN";"";"17/08/2026";"Agnes D.";"PDRN @Hidrabene aqui vocês entregaram TUDOOOO 💖💖";"HIDRABENE SÉRUM FACIAL SHOT PDRN | anúncio pago";"vídeo";"https://www.tiktok.com/@agnesdaltoe/video/7675125001678441749";"https://www.tiktok.com/@agnesdaltoe/video/7675125001678441749";"tiktok/pdrn/7675125001678441749.mp4"
"TikTok";"PDRN";"";"20/08/2026";"Cliente";"Kit GHK-CU + PDRN da Hidrabene #tiktokshop #pdrn #ghkcu #colageno #skincare";"KIT GHK-CU + PDRN | anúncio pago";"vídeo";"https://www.tiktok.com/@fabi22tiktokshop/video/7676150812862582037";"https://www.tiktok.com/@fabi22tiktokshop/video/7676150812862582037";"tiktok/pdrn/7676150812862582037.mp4"
"TikTok";"Retinol Noturno";"";"01/10/2026";"Talyta C.";"#retinol #skincare #skincareviral #hidrabene";"Hidrabene Retinol";"vídeo";"https://www.tiktok.com/@talyta.cordeiro8/video/7691408629789887764";"https://www.tiktok.com/@talyta.cordeiro8/video/7691408629789887764";"tiktok/retinol-noturno/7691408629789887764.mp4"
"TikTok";"Retinol Noturno";"";"21/06/2026";"Nathalia";"O kit completo para sua rotina noturna com retinol. 💖 Para uma pele de porcelana com linhas de expressão suavizadas, esse kit é perfeito!! 🫧💆🏻‍♀️ #skincarenoturno #retinolskincare #hidrabene #linhasdeexpressão #tiktokshop";"criador não permite download";"vídeo";"https://www.tiktok.com/@nahtips/video/7653680032199593237";"https://www.tiktok.com/@nahtips/video/7653680032199593237";""
"TikTok";"Retinol Noturno";"";"03/08/2026";"Fabi B.";"Retinol noturno da @Hidrabene #retinol #retinolskincare #retinolskincare #retinolserum #retinolviral";"Hidrabene Retinol | anúncio pago";"vídeo";"https://www.tiktok.com/@fabibessa_/video/7669896665838390536";"https://www.tiktok.com/@fabibessa_/video/7669896665838390536";"tiktok/retinol-noturno/7669896665838390536.mp4"
"TikTok";"Retinol Noturno";"";"25/08/2026";"Aline N.";"Hidrabene Retinol #tiktokshopbr99";"Hidrabene Retinol | anúncio pago";"vídeo";"https://www.tiktok.com/@alinenozaki/video/7678141019669531911";"https://www.tiktok.com/@alinenozaki/video/7678141019669531911";"tiktok/retinol-noturno/7678141019669531911.mp4"
"TikTok";"Retinol Noturno";"";"02/07/2026";"Cliente";"O Retinol da Hidrabene é um creme anti-idade de uso noturno que combina retinol nanotecnológico, ácido hialurônico e vitamina E. Essa combinação oferece diversos benefícios para a pele. Os principais benefícios são: ✨ Reduz rugas e linhas de expressão. Estimula a produção de colágeno e elastina, ajudando a suavizar os sinais do envelhecimento. ✨ Promove renovação celular. O retinol acelera a renovação da pele, deixando-a com aparência mais uniforme, lisa e iluminada. ✨ Melhora a firmeza e a elasticidade. Com o uso contínuo, a pele tende a ficar mais firme e com aspecto rejuvenescido. ✨ Hidrata profundamente. O ácido hialurônico ajuda a manter a pele hidratada e com sensação de maciez, reduzindo o aspecto ressecado. ✨ Ajuda a clarear manchas leves. A renovação celular pode contribuir para uma pele com tom mais uniforme e aparência mais luminosa. #skincare #hidrabene #retinol #dicadebeleza #fyp";"Hidrabene Retinol | anúncio pago";"vídeo";"https://www.tiktok.com/@leticiaselistre/video/7658103239413370119";"https://www.tiktok.com/@leticiaselistre/video/7658103239413370119";"tiktok/retinol-noturno/7658103239413370119.mp4"
"TikTok";"Retinol Noturno";"";"20/09/2026";"Stela B.";"Hidrabene e sua mania de fazer a gente ficar mais bonita 🤭💕 #hidrabene #viraltiktokshop #skincare";"Hidrabene Retinol | anúncio pago";"vídeo";"https://www.tiktok.com/@stelabortoleto/video/7687639804317535509";"https://www.tiktok.com/@stelabortoleto/video/7687639804317535509";"tiktok/retinol-noturno/7687639804317535509.mp4"
"TikTok";"Retinol Noturno";"";"22/09/2026";"Stela B.";"Skin Care completa e potencializada com o Retinol da Hidrabene 🪞 #viraltiktokshop #skincarecoreano #tiktokshopbr1010";"Hidrabene Retinol | anúncio pago";"vídeo";"https://www.tiktok.com/@stelabortoleto/video/7688550023520455957";"https://www.tiktok.com/@stelabortoleto/video/7688550023520455957";"tiktok/retinol-noturno/7688550023520455957.mp4"
"TikTok";"Retinal";"";"08/10/2026";"Ana C.";"Parabéns dona hidrabeneee amei esse hein - isso não é publicidade!!!!! #analisandoprodutos #anaclararochafarmaceutica #fyp #hidrabene #retinal";"";"vídeo";"https://www.tiktok.com/@anaclra_r/video/7694428439771630855";"https://www.tiktok.com/@anaclra_r/video/7694428439771630855";"tiktok/retinal/7694428439771630855.mp4"
"TikTok";"Retinal";"";"06/10/2026";"Agnes D.";"Não acredito dona @Hidrabene vcs ARRASARAM muitooooo";"Retinal Shot";"vídeo";"https://www.tiktok.com/@agnesdaltoe/video/7693681033136344341";"https://www.tiktok.com/@agnesdaltoe/video/7693681033136344341";"tiktok/retinal/7693681033136344341.mp4"
"TikTok";"Retinal";"";"03/10/2026";"Ju A.";"Hidrabene K-Sérum Noturno Retinal Shot Booster Facial Antissinais com Peptídeos e Pantenol 15g ##retinal##retinalhidrabene##hidrabene##fyp ##creatorsearchinsights@@Hidrabene";"Retinal Shot";"vídeo";"https://www.tiktok.com/@ju.alvarenga1/video/7692509091138112776";"https://www.tiktok.com/@ju.alvarenga1/video/7692509091138112776";"tiktok/retinal/7692509091138112776.mp4"
"TikTok";"Retinal";"";"01/10/2026";"Cliente";"Retinal Shot Hidrabene 🇰🇷💕 #retinalshot #cosmetics #skincareroutine#skincarecoreano #dicasdebeleza";"KIT GHK-CU + PDRN + HARMONIZADOR FACIAL + RETINAL SHOT";"vídeo";"https://www.tiktok.com/@belezacomaline/video/7691728562784652564";"https://www.tiktok.com/@belezacomaline/video/7691728562784652564";"tiktok/retinal/7691728562784652564.mp4"
"TikTok";"Kit Peeling Glow UP";"";"11/06/2026";"Rose C.";"Kit peeling Glow up #hidrabene 💕";"Kit Peeling Glow Up - Tônico Facial Ácido Glicólico 7% 150ml + Sabonete Líquido Facial de Camomila 120ml + Protetor Solar Facial Ultraleve FPS50 50g | anúncio pago";"vídeo";"https://www.tiktok.com/@roseanacampos5/video/7650267173998415124";"https://www.tiktok.com/@roseanacampos5/video/7650267173998415124";"tiktok/kit-peeling-glow-up/7650267173998415124.mp4"
"TikTok";"Kit Peeling Glow UP";"";"28/05/2026";"Amanda S.";"Kit Pele Glow Up para renovar a pele e ajudar nos poros dilatados #tiktokshopbr66 #hidrabene #trilhahidrabene";"Kit Peeling Glow Up - Tônico Facial Ácido Glicólico 7% 150ml + Sabonete Líquido Facial de Camomila 120ml + Protetor Solar Facial Ultraleve FPS50 50g | anúncio pago";"vídeo";"https://www.tiktok.com/@amandasimoess0/video/7645052525451709716";"https://www.tiktok.com/@amandasimoess0/video/7645052525451709716";"tiktok/kit-peeling-glow-up/7645052525451709716.mp4"
"TikTok";"Kit Peeling Glow UP";"";"29/05/2026";"Julia";"a skincare responsável pelo seu glow up 🌟💗 #skincare #hidrabene #tiktokshopbr66";"Kit Peeling Glow Up - Tônico Facial Ácido Glicólico 7% 150ml + Sabonete Líquido Facial de Camomila 120ml + Protetor Solar Facial Ultraleve FPS50 50g | anúncio pago | criador não permite download";"vídeo";"https://www.tiktok.com/@juliaalbuqe/video/7645395638066105621";"https://www.tiktok.com/@juliaalbuqe/video/7645395638066105621";""
"TikTok";"Kit Peeling Glow UP";"";"14/05/2026";"Josiane S.";"@Hidrabene Derma Kit Peeling Glow Up 🌸#conteudoviral #hidrabene #skincareroutine";"Kit Peeling Glow Up - Tônico Facial Ácido Glicólico 7% 150ml + Sabonete Líquido Facial de Camomila 120ml + Protetor Solar Facial Ultraleve FPS50 50g | anúncio pago | criador não permite download";"vídeo";"https://www.tiktok.com/@josianessza_/video/7639781152764710164";"https://www.tiktok.com/@josianessza_/video/7639781152764710164";""
"TikTok";"Kit Peeling Glow UP";"";"16/05/2026";"Mara B.";"Kit peeling glow up Hidrabene 🫶🏼 #glowup #skincare #hidrabene #tiktokshop";"Kit Peeling Glow Up - Tônico Facial Ácido Glicólico 7% 150ml + Sabonete Líquido Facial de Camomila 120ml + Protetor Solar Facial Ultraleve FPS50 50g | anúncio pago | criador não permite download";"vídeo";"https://www.tiktok.com/@marabalabem/video/7640473377668451602";"https://www.tiktok.com/@marabalabem/video/7640473377668451602";""